City,Lat,Lng,Max Temp,Humidity,Cloudiness,Wind Speed,Country,Date
thompson,55.7435,-97.8558,66.36,77,75,9.22,CA,1655713293
mecca,21.4267,39.8261,98.56,31,54,13.89,SA,1655713116
guerrero negro,27.9769,-114.0611,63.23,84,0,10.63,MX,1655713295
busselton,-33.65,115.3333,63.75,76,59,10.42,AU,1655713295
hithadhoo,-0.6,73.0833,83.89,69,71,10.22,MV,1655713296
namibe,-15.1961,12.1522,61.43,82,0,11.5,AO,1655713296
qaanaaq,77.484,-69.3632,35.49,74,100,7.92,GL,1655713297
daru,-9.0763,143.2092,77.16,89,100,12.26,PG,1655713297
butaritari,3.0707,172.7902,83.3,72,100,12.75,KI,1655713298
bredasdorp,-34.5322,20.0403,55.31,75,0,6.91,ZA,1655713298
northam,51.0333,-4.2167,60.62,73,1,16.6,GB,1655713299
la orilla,17.9833,-102.2333,77.83,83,100,4.47,MX,1655713299
rikitea,-23.1203,-134.9692,70.57,57,100,16.8,PF,1655713300
kununurra,-15.7667,128.7333,87.78,25,89,4.61,AU,1655713183
kaitangata,-46.2817,169.8464,40.35,93,10,3.36,NZ,1655713301
isangel,-19.55,169.2667,71.8,70,84,9.71,VU,1655713302
vaini,-21.2,-175.2,77.16,94,75,6.91,TO,1655713302
atuona,-9.8,-139.0333,77.61,83,63,20.96,PF,1655713303
mataura,-46.1927,168.8643,41.49,97,1,2.04,NZ,1655713303
faanui,-16.4833,-151.75,79.88,75,24,20.4,PF,1655713304
catuday,16.2923,119.8062,84.96,70,30,7.87,PH,1655713304
ushuaia,-54.8,-68.3,33.46,80,75,13.8,AR,1655713305
codrington,-38.2667,141.9667,51.58,85,100,17.11,AU,1655713305
capitao poco,-1.7464,-47.0594,70.14,98,18,4.45,BR,1655713306
kapaa,22.0752,-159.319,76.98,86,75,14.97,US,1655713306
dikson,73.5069,80.5464,38.37,92,100,10.07,RU,1655713306
gouyave,12.1646,-61.7296,79.57,74,20,11.5,GD,1655713307
beroroha,-21.6667,45.1667,81.39,35,0,6.46,MG,1655713307
punta arenas,-53.15,-70.9167,35.71,80,0,10.36,CL,1655713308
avera,33.194,-82.5271,62.11,69,20,4.43,US,1655713308
evensk,61.95,159.2333,44.17,92,100,9.26,RU,1655713309
the valley,18.217,-63.0578,79.83,76,0,20.74,AI,1655713309
lamu,-2.2717,40.902,82.62,79,53,16.44,KE,1655713310
mayumba,-3.432,10.6554,73.09,81,100,9.57,GA,1655713311
tilichiki,60.4667,166.1,46.56,85,90,5.3,RU,1655713311
mount gambier,-37.8333,140.7667,51.22,95,100,7.56,AU,1655713313
antofagasta,-23.65,-70.4,51.08,81,6,1.3,CL,1655713254
lorengau,-2.0226,147.2712,81.1,73,51,1.5,PG,1655713314
albany,42.6001,-73.9662,52.27,86,23,5.08,US,1655713315
laguna,38.421,-121.4238,68.31,62,0,4.61,US,1655713315
tevaitoa,-16.7833,-151.5,79.66,76,20,20.94,PF,1655713316
longyearbyen,78.2186,15.6401,39.04,65,75,17.27,SJ,1655713316
rawson,-43.3002,-65.1023,38.44,65,0,11.48,AR,1655713316
upernavik,72.7868,-56.1549,30.27,90,19,10.56,GL,1655713317
antalaha,-14.9003,50.2788,76.75,66,23,14.72,MG,1655713318
karratha,-20.7377,116.8463,81.72,32,0,11.25,AU,1655713318
pangnirtung,66.1451,-65.7125,35.24,79,3,4.61,CA,1655713319
tiksi,71.6872,128.8694,37.96,58,12,5.39,RU,1655713319
jamestown,42.097,-79.2353,56.01,85,20,3.0,US,1655713320
manono,-7.3,27.4167,86.18,28,16,3.27,CD,1655713320
qaqortoq,60.7167,-46.0333,40.95,95,100,4.76,GL,1655713321
carnarvon,-24.8667,113.6333,73.78,50,0,9.75,AU,1655713322
saint-leu,-21.15,55.2833,75.31,70,39,15.57,RE,1655713322
marietta,33.9526,-84.5499,69.76,76,0,0.0,US,1655713323
nanortalik,60.1432,-45.2371,40.35,97,100,4.21,GL,1655713323
bengkulu,-3.8004,102.2655,82.36,72,89,5.37,ID,1655713240
hualmay,-11.0964,-77.6139,60.48,85,48,9.08,PE,1655713324
kasempa,-13.4584,25.8338,72.39,35,2,10.04,ZM,1655713324
ponta do sol,32.6667,-17.1,69.71,65,78,7.9,PT,1655713325
guiratinga,-16.3494,-53.7583,65.3,65,0,2.24,BR,1655713325
tuktoyaktuk,69.4541,-133.0374,32.41,93,62,9.55,CA,1655713326
tres arroyos,-38.3739,-60.2798,36.9,90,64,7.09,AR,1655713326
nantucket,41.2835,-70.0995,57.31,77,100,8.05,US,1655713327
ahipara,-35.1667,173.1667,52.18,80,100,14.23,NZ,1655713327
fort nelson,58.8053,-122.7002,54.99,71,40,2.3,CA,1655713327
ganzhou,28.8184,115.4327,80.47,89,100,7.2,CN,1655713328
polis,35.0367,32.4264,87.28,55,0,8.88,CY,1655713329
pevek,69.7008,170.3133,48.25,64,86,16.22,RU,1655713329
kodiak,57.79,-152.4072,51.31,82,100,8.05,US,1655713330
yumen,40.2833,97.2,70.72,32,99,20.18,CN,1655713330
cape town,-33.9258,18.4232,60.39,64,20,12.66,ZA,1655713266
barrow,71.2906,-156.7887,48.22,81,0,13.8,US,1655713333
avarua,-21.2078,-159.775,77.05,73,98,14.97,CK,1655713334
morant bay,17.8815,-76.4093,78.42,83,99,9.89,JM,1655713334
rosarito,32.3333,-117.0333,65.41,69,0,5.61,MX,1655713335
yulara,-25.2406,130.9889,72.01,27,0,6.2,AU,1655713335
selaphum,16.0299,103.9383,100.09,34,82,12.15,TH,1655713336
taganak,6.0833,118.3,87.94,69,5,4.27,PH,1655713336
yar-sale,66.8333,70.8333,75.16,47,60,10.58,RU,1655713337
nelson bay,-32.7167,152.15,57.99,92,70,6.78,AU,1655713337
klaksvik,62.2266,-6.589,52.72,94,100,10.0,FO,1655713338
mount isa,-20.7333,139.5,73.17,27,100,8.05,AU,1655713338
banjar,-8.19,114.9675,82.18,78,53,2.91,ID,1655713339
tasiilaq,65.6145,-37.6368,50.16,58,79,7.23,GL,1655713339
guiyang,26.5833,106.7167,73.89,94,75,6.71,CN,1655713341
siddipet,18.1,78.85,91.38,44,98,9.73,IN,1655713341
waingapu,-9.6567,120.2641,83.32,55,43,16.87,ID,1655713342
copiapo,-27.3667,-70.3333,47.89,70,100,0.29,CL,1655713342
auki,-8.7676,160.7034,78.12,84,97,1.63,SB,1655713343
lompoc,34.6391,-120.4579,53.6,93,0,4.61,US,1655713343
hilo,19.7297,-155.09,74.25,90,40,4.61,US,1655713344
ilulissat,69.2167,-51.1,32.02,100,100,3.44,GL,1655713344
baykit,61.67,96.37,74.23,26,0,9.04,RU,1655713345
brindisi,40.5833,17.6667,83.44,41,0,6.26,IT,1655713346
broken hill,-31.95,141.4333,57.58,43,56,9.19,AU,1655713116
turukhansk,65.8167,87.9833,83.14,30,6,11.63,RU,1655713348
alice,27.7523,-98.0697,76.57,94,0,4.61,US,1655713348
port elizabeth,-33.918,25.5701,58.32,86,100,1.01,ZA,1655713349
soyo,-6.1349,12.3689,73.45,78,99,7.43,AO,1655713350
linhares,-19.3911,-40.0722,67.93,90,82,5.7,BR,1655713350
marawi,7.9986,124.2928,73.2,93,100,2.57,PH,1655713351
hermanus,-34.4187,19.2345,57.79,77,0,15.23,ZA,1655713351
geraldton,-28.7667,114.6,70.21,56,13,9.22,AU,1655713352
new norfolk,-42.7826,147.0587,54.91,81,46,1.99,AU,1655713094
puerto escondido,15.85,-97.0667,78.01,85,97,3.53,MX,1655713353
sechura,-5.5569,-80.8222,62.83,86,76,11.16,PE,1655713354
port alfred,-33.5906,26.891,62.6,67,100,5.61,ZA,1655713354
provideniya,64.3833,-173.3,47.34,87,100,8.05,RU,1655713355
hobart,-42.8794,147.3294,55.26,80,62,6.91,AU,1655713156
cotonou,6.3654,2.4183,82.38,78,20,9.22,BJ,1655713356
alur,12.9833,75.9833,78.03,63,100,12.26,IN,1655713357
mitsamiouli,-11.3847,43.2844,79.7,69,12,9.06,KM,1655713358
sao gabriel da cachoeira,-0.1303,-67.0892,71.19,100,100,1.97,BR,1655713359
meulaboh,4.1363,96.1285,83.5,72,64,4.56,ID,1655713359
sharlyk,52.9167,54.75,61.59,82,100,15.55,RU,1655713360
ancud,-41.8697,-73.8203,38.23,88,8,5.82,CL,1655713360
khatanga,71.9667,102.5,61.36,33,100,5.01,RU,1655713361
kremenki,54.885,37.1261,56.93,96,100,6.11,RU,1655713361
arraial do cabo,-22.9661,-42.0278,68.77,77,0,11.1,BR,1655713362
raudeberg,61.9875,5.1352,59.95,81,79,3.65,NO,1655713362
narsaq,60.9167,-46.05,44.82,96,100,4.03,GL,1655713363
puerto ayora,-0.7393,-90.3518,69.55,97,80,1.99,EC,1655713363
severo-kurilsk,50.6789,156.125,49.1,93,92,1.16,RU,1655713364
tautira,-17.7333,-149.15,78.85,73,81,18.7,PF,1655713364
rawah,34.4816,41.9093,100.45,12,0,18.1,IQ,1655713365
colomi,-17.35,-65.8667,43.07,65,4,1.57,BO,1655713366
ribeira grande,38.5167,-28.7,64.8,72,40,9.22,PT,1655713367
mar del plata,-38.0023,-57.5575,39.09,91,55,3.44,AR,1655713367
bambous virieux,-20.3428,57.7575,77.22,69,75,10.36,MU,1655713368
loandjili,-4.7561,11.8578,72.5,80,100,7.72,CG,1655713368
katsuura,35.1333,140.3,73.4,94,100,11.99,JP,1655713369
college,64.8569,-147.8028,58.59,87,75,4.61,US,1655713369
labuhan,-6.8844,112.2051,86.36,63,23,5.91,ID,1655713370
saskylakh,71.9167,114.0833,56.26,34,100,7.45,RU,1655713370
havoysund,70.9963,24.6622,46.63,88,100,7.81,NO,1655713371
antsirabe,-19.85,47.0333,63.23,56,17,5.79,MG,1655713372
orlik,52.5178,99.825,67.77,40,69,7.49,RU,1655713373
suntar,62.1444,117.6319,64.45,46,90,13.73,RU,1655713373
alofi,-19.0595,-169.9187,76.89,94,100,4.61,NU,1655713374
luderitz,-26.6481,15.1594,56.53,66,99,6.96,NA,1655713374
cherskiy,68.75,161.3,52.88,83,100,10.13,RU,1655713374
paamiut,61.994,-49.6678,39.02,99,100,17.83,GL,1655713375
chapais,49.7834,-74.8492,44.38,69,61,3.42,CA,1655713376
balkhash,46.844,74.9804,93.81,16,20,15.66,KZ,1655713377
praia da vitoria,38.7333,-27.0667,64.76,82,40,17.05,PT,1655713377
hay river,60.8156,-115.7999,48.18,93,14,1.14,CA,1655713378
kahului,20.8947,-156.47,76.84,76,0,13.8,US,1655713378
kloulklubed,7.0419,134.2556,77.5,66,60,1.39,PW,1655713378
bluff,-46.6,168.3333,41.81,81,2,4.54,NZ,1655713380
vallenar,-28.5708,-70.7581,49.8,76,100,1.3,CL,1655713380
clyde river,70.4692,-68.5914,30.43,100,100,19.57,CA,1655713381
kutum,14.2,24.6667,85.46,14,82,11.18,SD,1655713381
chokurdakh,70.6333,147.9167,38.88,77,100,22.77,RU,1655713382
dali,25.7,100.1833,76.5,56,87,8.37,CN,1655713382
inuvik,68.3499,-133.7218,39.96,87,40,10.36,CA,1655713383
samarinda,-0.5,117.15,81.43,92,78,0.6,ID,1655713363
vila velha,-20.3297,-40.2925,67.95,93,75,3.44,BR,1655713383
changji,44.0167,87.3167,88.59,18,0,6.71,CN,1655713384
vila franca do campo,37.7167,-25.4333,65.19,74,91,12.86,PT,1655713384
kota kinabalu,5.9749,116.0724,87.78,70,20,5.01,MY,1655713355
kavaratti,10.5669,72.642,81.86,79,96,14.92,IN,1655713386
bereda,43.2686,-7.5406,58.41,100,97,2.15,ES,1655713387
rorvik,64.8621,11.2373,53.58,76,75,8.05,NO,1655713388
el alto,-4.2714,-81.2147,63.19,81,11,13.44,PE,1655713388
kavieng,-2.5744,150.7967,80.91,75,55,3.87,PG,1655713389
troitskoye,52.9821,84.6757,71.15,60,51,4.54,RU,1655713389
horki,54.2861,30.9842,60.35,95,100,7.11,BY,1655713390
fleetwood,53.9253,-3.0109,60.85,63,0,6.91,GB,1655713390
bilibino,68.0546,166.4372,56.7,73,97,2.46,RU,1655713391
usinsk,65.9939,57.5281,67.42,40,72,4.07,RU,1655713391
portland,45.5234,-122.6762,57.78,85,100,4.61,US,1655713392
cockburn town,21.4612,-71.1419,80.98,76,100,21.47,TC,1655713392
cabedelo,-6.9811,-34.8339,74.07,87,45,10.65,BR,1655713392
sai buri,6.7013,101.6168,87.51,62,100,4.0,TH,1655713393
sinnamary,5.3833,-52.95,75.81,89,96,3.96,GF,1655713393
kirakira,-10.4544,161.9205,79.16,84,100,5.01,SB,1655713394
celestun,20.8667,-90.4,76.44,88,100,11.63,MX,1655713394
tuatapere,-46.1333,167.6833,40.75,93,5,3.98,NZ,1655713395
alghero,40.5589,8.3181,84.29,37,0,2.3,IT,1655713395
yellowknife,62.456,-114.3525,55.92,54,20,6.91,CA,1655713395
constitucion,-35.3333,-72.4167,50.04,63,100,3.06,CL,1655713396
ekhabi,53.5102,142.9671,54.21,78,17,10.13,RU,1655713396
gorodishche,48.8045,44.4744,86.88,25,0,13.42,RU,1655713397
cam ranh,11.9214,109.1591,96.76,41,20,9.22,VN,1655713397
sarreguemines,49.0833,7.3333,68.34,87,100,2.15,FR,1655713397
innisfail,-17.5333,146.0333,69.67,83,100,7.67,AU,1655713398
tutoia,-2.7619,-42.2744,73.56,92,40,8.34,BR,1655713398
chuy,-33.6971,-53.4616,41.88,68,27,3.8,UY,1655713399
kingaroy,-26.5333,151.8333,53.47,86,67,5.01,AU,1655713399
zarubino,42.63,131.0922,66.99,73,89,5.26,RU,1655713399
nizwa,22.9333,57.5333,106.2,17,0,8.37,OM,1655713400
georgetown,5.4112,100.3354,84.13,94,40,6.91,MY,1655713400
coquimbo,-29.9533,-71.3436,46.13,93,20,4.61,CL,1655713401
south sioux city,42.4739,-96.4136,82.35,62,0,19.57,US,1655713401
iqaluit,63.7506,-68.5145,38.93,80,20,10.36,CA,1655713402
joshimath,30.5667,79.5667,70.3,72,53,7.27,IN,1655713128
brownwood,31.7093,-98.9912,79.97,55,20,6.91,US,1655713404
jacareacanga,-6.2222,-57.7528,71.31,79,13,1.68,BR,1655713404
bull savanna,17.8868,-77.5902,73.26,86,93,9.73,JM,1655713405
manggar,-2.8833,108.2667,77.16,90,100,4.07,ID,1655713405
kingston,17.997,-76.7936,77.95,77,20,3.44,JM,1655713184
sao joao da barra,-21.6403,-41.0511,64.69,84,2,1.95,BR,1655713233
faya,18.3851,42.4509,88.32,22,40,4.21,SA,1655713406
churachandpur,24.3333,93.6667,75.09,85,77,3.94,IN,1655713407
hanko,59.8333,22.95,61.05,70,96,4.03,FI,1655713407
ayagoz,47.9714,80.4392,87.13,21,74,8.19,KZ,1655713409
bontang,0.1333,117.5,83.37,70,23,5.08,ID,1655713410
aklavik,68.2191,-135.0107,41.94,79,62,11.54,CA,1655713410
clinton,42.587,-82.9199,66.22,86,40,0.0,US,1655713411
sanchursk,56.9413,47.2499,64.74,57,47,16.46,RU,1655713411
tamandare,-8.7597,-35.1047,74.28,89,39,9.19,BR,1655713412
airai,-8.9266,125.4092,66.16,62,66,3.8,TL,1655713412
sibolga,1.7427,98.7792,82.29,79,93,3.56,ID,1655713415
hamilton,39.1834,-84.5333,61.72,83,0,4.61,US,1655713415
fortuna,40.5982,-124.1573,55.92,83,100,3.0,US,1655713416
ginir,7.1333,40.7,72.84,45,5,8.08,ET,1655713416
saint-pierre,-21.3393,55.4781,75.9,83,75,14.97,RE,1655713417
aitape,-3.1374,142.3475,81.61,75,59,4.21,PG,1655713417
lincoln,40.8,-96.667,80.67,77,0,14.97,US,1655713125
sola,-13.8833,167.55,80.08,74,20,11.54,VU,1655713419
norman wells,65.282,-126.8329,57.24,82,75,3.44,CA,1655713419
la rioja,42.25,-2.5,62.38,47,0,3.27,ES,1655713420
dunedin,-45.8742,170.5036,42.62,85,6,4.59,NZ,1655713420
husavik,66.0449,-17.3389,44.96,86,100,10.04,IS,1655713421
san andres,12.5847,-81.7006,80.62,89,40,4.61,CO,1655713422
huangchuan,32.1272,115.0394,98.37,32,1,14.14,CN,1655713423
magadan,59.5667,150.8,52.54,88,98,5.1,RU,1655713225
mahebourg,-20.4081,57.7,77.25,69,75,10.36,MU,1655713423
borovoy,55.4333,86.0833,63.68,77,40,2.24,RU,1655713424
thinadhoo,0.5333,72.9333,83.97,68,100,10.98,MV,1655713424
sicamous,50.8331,-118.9856,57.18,94,40,2.35,CA,1655713425
freetown,8.484,-13.2299,78.51,78,40,4.61,SL,1655713425
henties bay,-22.116,14.2845,56.05,75,4,5.57,NA,1655713426
telimele,10.9167,-13.3333,70.59,93,100,0.76,GN,1655713426
diamantino,-14.4086,-56.4461,66.09,68,100,1.99,BR,1655713427
pierre,44.3683,-100.351,76.28,73,0,10.36,US,1655713427
new plymouth,-39.0667,174.0833,47.8,89,99,1.01,NZ,1655713222
flagstaff,35.1981,-111.6513,55.06,20,0,1.99,US,1655713428
ambanja,-13.6833,48.45,84.13,52,2,3.8,MG,1655713428
saint george,37.1041,-113.5841,66.79,20,0,5.75,US,1655713429
grindavik,63.8424,-22.4338,48.67,100,100,11.5,IS,1655713429
port lincoln,-34.7333,135.8667,56.62,62,59,15.14,AU,1655713430
fairbanks,64.8378,-147.7164,58.6,88,100,4.61,US,1655713430
port hardy,50.6996,-127.4199,51.98,93,100,2.3,CA,1655713431
east london,-33.0153,27.9116,58.14,88,0,6.91,ZA,1655713431
lebu,-37.6167,-73.65,50.81,92,100,9.04,CL,1655713432
ostrovnoy,68.0531,39.5131,40.98,92,100,12.5,RU,1655713432
nabire,-3.3667,135.4833,79.03,85,89,1.48,ID,1655713433
gua musang,4.8823,101.9644,88.02,63,100,2.08,MY,1655713433
vestmannaeyjar,63.4427,-20.2734,49.19,93,100,17.27,IS,1655713433
leca da palmeira,41.191,-8.7003,61.93,74,20,6.91,PT,1655713434
san cristobal,7.7669,-72.225,63.07,98,99,2.46,VE,1655713435
khandyga,62.6667,135.6,76.23,48,69,6.58,RU,1655713435
biak,-0.9131,122.8766,76.57,82,100,2.26,ID,1655713436
tarakan,3.3,117.6333,85.5,70,20,3.44,ID,1655713244
bubaque,11.2833,-15.8333,80.06,77,98,13.27,GW,1655713436
aksha,50.2814,113.2867,77.67,38,100,12.8,RU,1655713437
castro,-24.7911,-50.0119,50.0,94,86,2.04,BR,1655713412
komsomolskiy,40.4272,71.7189,84.92,24,100,20.71,UZ,1655713438
djambala,-2.5447,14.7533,74.66,63,22,6.06,CG,1655713439
torbay,47.6666,-52.7314,54.37,95,100,19.57,CA,1655713439
la ronge,55.1001,-105.2842,57.45,94,75,3.44,CA,1655713440
souillac,-20.5167,57.5167,75.58,69,75,10.36,MU,1655713441
serra,-20.1286,-40.3078,67.46,94,75,3.44,BR,1655713441
sao filipe,14.8961,-24.4956,73.2,94,100,8.86,CV,1655713442
sopelana,43.3789,-2.9831,67.28,79,100,3.0,ES,1655713442
namatanai,-3.6667,152.4333,80.46,80,56,7.29,PG,1655713442
kiama,-34.6833,150.8667,59.0,86,82,4.25,AU,1655713443
aksum,14.1245,38.7244,75.85,35,97,8.99,ET,1655713443
buseresere,-3.0236,31.8747,76.55,42,99,7.2,TZ,1655713444
aykhal,66.0,111.5,57.6,34,5,14.32,RU,1655713444
pisco,-13.7,-76.2167,55.45,94,75,2.3,PE,1655713445
hoopstad,-27.8327,25.9083,60.17,38,4,14.2,ZA,1655713445
doha,25.2867,51.5333,111.18,24,0,6.91,QA,1655713333
ambovombe,-25.1667,46.0833,72.68,60,0,10.4,MG,1655713446
gat,31.61,34.7642,83.79,29,0,9.8,IL,1655713446
sabancuy,18.9667,-91.1833,76.06,91,100,7.52,MX,1655713447
sanghar,26.0466,68.9481,107.49,23,0,21.14,PK,1655713447
sol-iletsk,51.1631,54.9918,69.84,55,100,10.11,RU,1655713448
dmytrivka,45.9717,28.9864,78.04,35,0,9.64,UA,1655713448
lata,40.1629,-8.3327,59.81,65,67,5.37,PT,1655713449
port hedland,-20.3167,118.5667,84.25,28,0,11.5,AU,1655713449
krivosheino,57.3431,83.9261,77.54,44,57,5.19,RU,1655713450
olafsvik,64.8945,-23.7142,48.11,85,100,7.2,IS,1655713450
axim,4.8699,-2.2405,78.73,82,81,2.1,GH,1655713451
nemuro,43.3236,145.575,56.25,91,56,12.86,JP,1655713306
mori,34.8333,137.9333,77.85,90,100,7.92,JP,1655713452
sotnikovskoye,45.0039,43.7772,88.74,24,0,6.58,RU,1655713452
progreso,21.2833,-89.6667,76.1,87,100,9.51,MX,1655713453
hovd,48.0056,91.6419,78.51,15,34,7.74,MN,1655713453
steamboat springs,40.485,-106.8317,56.7,77,0,4.61,US,1655713454
cuamba,-14.8031,36.5372,74.1,46,4,2.17,MZ,1655713455
broome,42.2506,-75.833,48.07,83,49,1.99,US,1655713456
doba,8.65,16.85,81.68,62,79,3.91,TD,1655713456
cabo san lucas,22.8909,-109.9124,80.62,87,94,3.91,MX,1655713457
port moresby,-9.4431,147.1797,80.02,83,40,17.27,PG,1655713458
neiafu,-18.65,-173.9833,80.4,79,100,13.65,TO,1655713458
camocim,-2.9022,-40.8411,73.8,91,10,12.01,BR,1655713459
erzincan,39.75,39.5,78.1,41,0,2.3,TR,1655713459
santiago,-33.4569,-70.6483,52.18,59,75,3.44,CL,1655713459
papayal,-4.0761,-80.7361,65.62,79,42,5.1,PE,1655713460
manbij,36.5281,37.9549,91.87,30,0,11.41,SY,1655713460
hasaki,35.7333,140.8333,82.29,89,100,18.79,JP,1655713205
nikolskoye,59.7035,30.7861,62.87,70,100,6.26,RU,1655713462
amga,60.8953,131.9608,81.14,35,1,5.55,RU,1655713463
dongsheng,39.8161,109.9776,84.11,28,100,11.81,CN,1655713463
orocue,4.7912,-71.3354,71.53,99,100,2.46,CO,1655713464
bac lieu,9.285,105.7244,87.51,66,47,13.33,VN,1655713245
kirksville,40.1948,-92.5833,65.91,81,0,5.75,US,1655713465
cidreira,-30.1811,-50.2056,50.0,76,0,6.67,BR,1655713465
youhao,47.8667,128.8333,69.06,63,100,8.41,CN,1655713466
southampton,50.904,-1.4043,63.05,63,20,12.66,GB,1655713466
aksarka,66.5606,67.7975,73.96,46,98,7.16,RU,1655713467
poya,-21.35,165.15,66.67,71,88,6.73,NC,1655713468
navahrudak,53.6,25.8333,64.74,86,100,5.79,BY,1655713468
coihaique,-45.5752,-72.0662,33.75,75,75,4.61,CL,1655713469
kruisfontein,-34.0033,24.7314,56.14,72,100,4.34,ZA,1655713469
gobabis,-22.45,18.9667,55.67,43,99,11.9,NA,1655713206
rawlins,41.7911,-107.2387,48.34,87,20,4.61,US,1655713470
jos,9.9167,8.9,76.75,57,88,3.51,NG,1655713471
timra,62.487,17.3257,62.28,63,0,6.91,SE,1655713472
artesia,33.8658,-118.0831,69.28,77,0,1.01,US,1655713472
eydhafushi,5.1033,73.0708,83.07,73,87,13.09,MV,1655713473
nome,64.5011,-165.4064,50.16,81,0,11.5,US,1655713473
pringsewu,-5.3582,104.9744,83.46,78,27,1.9,ID,1655713475
batticaloa,7.7102,81.6924,86.27,69,100,9.35,LK,1655713356
aras,42.5617,-2.356,66.61,64,75,5.75,ES,1655713475
asau,46.4333,26.4,74.32,48,0,3.78,RO,1655713476
bulgan,48.8125,103.5347,76.73,35,4,7.83,MN,1655713477
alta floresta,-9.8756,-56.0861,63.45,61,5,3.98,BR,1655713477
saint-philippe,-21.3585,55.7679,70.11,76,98,14.07,RE,1655713478
sterling,39.0062,-77.4286,59.23,72,40,3.44,US,1655713478
ekibastuz,51.6667,75.3667,86.79,25,81,8.12,KZ,1655713479
moerai,-22.4333,-151.3333,75.13,66,84,14.81,PF,1655713479
slave lake,55.2834,-114.769,55.38,88,75,9.22,CA,1655713480
chunskiy,56.0815,99.6342,72.81,50,100,3.62,RU,1655713480
tigre,-34.426,-58.5796,48.2,90,0,0.0,AR,1655713481
bethel,41.3712,-73.414,58.5,79,0,4.61,US,1655713482
praya,14.9215,-23.5087,73.94,100,75,9.22,CV,1655713482
adria,45.0564,12.0578,85.01,57,0,1.16,IT,1655713482
sitka,57.0531,-135.33,51.69,87,100,5.75,US,1655713483
lasa,46.6166,10.7002,74.28,52,0,2.73,IT,1655713483
san patricio,28.017,-97.5169,83.89,93,5,6.04,US,1655713484
kennewick,46.2113,-119.1372,61.66,59,0,3.44,US,1655713484
melita,49.2681,-100.9967,69.55,96,100,8.75,CA,1655713485
havelock,34.8791,-76.9013,73.35,84,0,3.44,US,1655713485
san quintin,30.4833,-115.95,61.02,91,0,7.43,MX,1655713486
mlowo,-9.0,32.9833,70.83,45,99,0.89,TZ,1655713486
hofn,64.2539,-15.2082,57.22,77,75,11.5,IS,1655713487
fayaoue,-20.65,166.5333,73.92,56,72,5.06,NC,1655713487
bathsheba,13.2167,-59.5167,81.21,74,20,21.85,BB,1655713487
tucuman,-26.8241,-65.2226,42.8,81,2,9.22,AR,1655713488
port-gentil,-0.7193,8.7815,74.16,81,70,16.67,GA,1655713488
panama city,8.9936,-79.5197,80.44,90,100,3.44,PA,1655713489
medvedka,61.1629,46.387,55.94,92,100,3.78,RU,1655713489
san ignacio,17.1561,-89.0714,73.54,100,40,0.0,BZ,1655713490
syracuse,37.0881,15.2792,81.99,58,0,5.1,IT,1655713491
ostrogozhsk,50.8664,39.0756,75.92,61,0,15.61,RU,1655713491
luena,-11.7833,19.9167,66.38,68,0,0.0,AO,1655713492
marsa matruh,31.3525,27.2453,80.49,47,0,7.81,EG,1655713493
havre-saint-pierre,50.2334,-63.5986,44.96,87,100,14.97,CA,1655713493
taltal,-25.4,-70.4833,54.55,84,54,2.68,CL,1655713494
linxia,35.6003,103.2064,78.98,44,100,1.32,CN,1655713494
arlit,18.7369,7.3853,96.62,17,63,2.19,NE,1655713495
krasnoselkup,65.7,82.4667,79.02,26,96,9.53,RU,1655713495
verkhnevilyuysk,63.4453,120.3167,60.22,42,100,9.55,RU,1655713496
half moon bay,37.4636,-122.4286,60.87,79,0,13.8,US,1655713497
pandan,14.0453,124.1694,86.4,66,46,5.75,PH,1655713498
tigzirt,36.8886,4.1198,82.6,55,28,4.9,DZ,1655713498
butler,39.4501,-84.5666,61.14,83,0,0.0,US,1655713499
blagoveshchensk,50.2667,127.5333,61.41,100,75,13.42,RU,1655713499
haukipudas,65.1765,25.3523,62.15,62,9,4.52,FI,1655713500
gigmoto,13.7796,124.39,85.78,70,69,5.57,PH,1655713500
burgeo,47.6167,-57.6152,53.04,99,100,10.54,CA,1655713501
poum,-20.2333,164.0167,72.68,63,54,22.17,NC,1655713502
ampanihy,-24.7,44.75,74.86,42,0,9.15,MG,1655713503
bijar,35.8668,47.6051,86.11,16,0,4.81,IR,1655713503
batagay-alyta,67.8006,130.4114,50.45,45,88,13.76,RU,1655713504
ishigaki,24.3448,124.1572,87.93,84,75,13.8,JP,1655713482
ixtapa,20.7,-105.2,79.23,94,75,0.0,MX,1655713506
plouzane,48.3833,-4.6167,59.05,94,100,19.57,FR,1655713506
neyshabur,36.2133,58.7958,81.52,20,0,3.6,IR,1655713507
general roca,-39.0333,-67.5833,49.59,47,100,4.63,AR,1655713512
sur,22.5667,59.5289,97.79,43,4,8.59,OM,1655713512
deputatskiy,69.3,139.9,37.74,58,89,18.5,RU,1655713513
mangai,-4.05,19.5333,83.01,55,84,2.95,CD,1655713514
rio do sul,-27.2142,-49.6431,44.65,99,62,1.43,BR,1655713514
eufaula,31.8913,-85.1455,75.24,73,0,5.75,US,1655713514
saldanha,-33.0117,17.9442,59.05,69,0,14.85,ZA,1655713515
kirovskiy,45.0917,133.5136,77.52,51,70,4.34,RU,1655713515
huadian,42.9633,126.7478,84.27,57,7,4.76,CN,1655713516
lashio,22.9333,97.75,77.95,85,79,3.36,MM,1655713516
gandorhun,7.5,-11.8333,74.89,82,6,2.33,SL,1655713517
dingle,10.9995,122.6711,87.57,66,56,5.23,PH,1655713517
qasigiannguit,68.8193,-51.1922,32.25,79,95,2.33,GL,1655713518
lamtah,35.6667,10.8833,80.37,65,40,6.91,TN,1655713518
te anau,-45.4167,167.7167,34.5,96,36,2.3,NZ,1655713518
mithi,24.7318,69.7981,101.59,33,0,22.97,PK,1655713519
la serena,-29.9078,-71.2542,45.91,93,20,4.61,CL,1655713519
salalah,17.0151,54.0924,87.89,79,40,18.41,OM,1655713520
rio grande,-32.035,-52.0986,45.66,72,6,6.17,BR,1655713520
san ramon,37.7799,-121.978,61.9,75,0,3.44,US,1655713520
garden city,42.3256,-83.331,66.45,74,100,4.61,US,1655713521
esperance,-33.8667,121.9,63.46,63,77,11.99,AU,1655713522
barentu,15.1139,37.5928,83.03,41,73,6.44,ER,1655713522
quixada,-4.9714,-39.0153,68.77,99,66,1.25,BR,1655713522
ulundi,-28.3352,31.4162,63.72,75,75,3.06,ZA,1655713523
alyangula,-13.8483,136.4192,77.81,69,100,12.17,AU,1655713523
muros,42.7762,-9.0603,58.08,93,100,2.62,ES,1655713524
egvekinot,66.3167,-179.1667,35.71,98,100,5.46,RU,1655713525
uvalde,29.3669,-99.767,79.12,38,0,0.0,US,1655713525
aracaju,-10.9111,-37.0717,75.15,88,75,12.66,BR,1655713526
puyang,29.4603,119.8861,80.29,84,100,5.39,CN,1655713474
midrand,-25.9636,28.1378,60.24,62,0,11.5,ZA,1655713526
morondava,-20.2833,44.2833,80.44,43,0,4.45,MG,1655713527
nouadhibou,20.931,-17.0347,75.18,88,86,10.36,MR,1655713527
vila do maio,15.1333,-23.2167,74.19,93,72,8.5,CV,1655713528
mogadishu,2.0371,45.3438,85.87,70,75,18.41,SO,1655713528
salinopolis,-0.6136,-47.3561,77.77,82,20,9.93,BR,1655713529
lavrentiya,65.5833,-171.0,49.17,64,99,8.01,RU,1655713529
cutro,39.0353,16.9819,79.83,54,0,6.91,IT,1655713530
salinas,36.6777,-121.6555,59.0,78,0,6.91,US,1655713530
leningradskiy,69.3833,178.4167,54.46,57,95,1.66,RU,1655713531
acapulco,16.8634,-99.8901,78.62,89,100,3.44,MX,1655713531
marzuq,14.4,46.4667,97.36,16,73,3.15,YE,1655713531
bandarbeyla,9.4942,50.8122,89.89,44,87,28.83,SO,1655713532
mao,39.8885,4.2658,79.36,78,20,16.11,ES,1655713533
batagay,67.6333,134.6333,52.3,42,49,12.86,RU,1655713534
vardo,70.3705,31.1107,46.38,87,75,2.3,NO,1655713535
robertsport,6.7533,-11.3686,77.4,79,12,5.84,LR,1655713537
praia,14.9215,-23.5087,73.94,100,75,9.22,CV,1655713538
ugoofaaru,5.6667,73.0,82.96,74,99,14.12,MV,1655713538
palaikastron,35.2,26.25,75.56,64,0,17.56,GR,1655713539
novosil,52.9739,37.0405,74.52,71,3,18.75,RU,1655713539
ravar,31.2656,56.8055,94.93,14,0,10.38,IR,1655713540
bowen,-20.0167,148.2333,70.74,68,98,14.34,AU,1655713541
alice springs,-23.7,133.8833,72.95,32,0,9.22,AU,1655713541
qianan,44.9932,124.0581,87.82,43,100,19.26,CN,1655713542
hastings,50.8552,0.5729,63.52,60,64,16.33,GB,1655713543
de aar,-30.6497,24.0123,52.07,65,100,13.62,ZA,1655713544
nishihara,26.1842,127.7558,85.68,83,75,13.8,JP,1655713403
de-kastri,51.4667,140.7833,63.63,70,65,4.43,RU,1655713545
balabac,7.9868,117.0645,85.95,64,17,3.56,PH,1655713546
fort smith,35.3859,-94.3986,66.38,81,0,5.75,US,1655713547
kamaishi,39.2667,141.8833,72.64,70,4,2.19,JP,1655713314
jiblah,13.9216,44.1467,77.04,33,100,9.62,YE,1655713548
senador jose porfirio,-2.5908,-51.9542,72.0,96,24,2.77,BR,1655713549
yeppoon,-23.1333,150.7333,67.78,78,99,11.63,AU,1655713549
bayan,46.0833,127.4,83.39,54,100,8.12,CN,1655713550
santa rosa,14.3122,121.1114,94.1,58,89,5.17,PH,1655713551
singaraja,-8.112,115.0882,82.2,76,52,1.45,ID,1655713543
victoria,22.2855,114.1577,89.19,79,100,15.01,HK,1655713408
umm lajj,25.0213,37.2685,88.03,64,0,18.95,SA,1655713553
najran,17.4924,44.1277,102.85,5,62,10.11,SA,1655713553
sorland,67.667,12.6934,48.06,83,100,18.16,NO,1655713555
goldsboro,35.3849,-77.9928,57.54,79,0,0.0,US,1655713555
davila,18.4726,120.5763,89.58,70,100,3.96,PH,1655713556
isagarh,24.8333,77.8833,93.92,39,36,13.38,IN,1655713556
chake chake,-5.2459,39.7666,78.3,72,85,13.4,TZ,1655713558
port macquarie,-31.4333,152.9167,56.89,74,56,7.07,AU,1655713559
okha,53.5739,142.9478,52.9,80,27,10.45,RU,1655713559
kokopo,-4.352,152.2633,78.55,81,38,2.93,PG,1655713559
arroyo,41.6096,-4.7969,67.19,64,75,4.61,ES,1655713560
port-cartier,50.0334,-66.8654,46.08,85,100,9.98,CA,1655713560
naze,28.3667,129.4833,77.92,84,100,13.11,JP,1655713328
songjianghe,42.1859,127.479,83.05,37,4,4.05,CN,1655713561
mugur-aksy,50.35,90.5,58.35,42,100,3.6,RU,1655713562
nuuk,64.1835,-51.7216,41.61,100,100,12.66,GL,1655713562
berlevag,70.8578,29.0864,46.35,81,75,4.61,NO,1655713562
maceio,-9.6658,-35.7353,72.84,94,75,5.75,BR,1655713563
azul,-36.777,-59.8585,40.33,90,86,5.12,AR,1655713563
dudinka,69.4058,86.1778,79.63,27,100,9.62,RU,1655713564
honiara,-9.4333,159.95,78.03,86,86,1.99,SB,1655713416
rio branco,-9.9747,-67.81,65.01,100,4,0.0,BR,1655713564
malakal,9.5334,31.6605,73.74,82,100,8.14,SS,1655713565
flinders,-34.5833,150.8552,57.18,83,84,3.0,AU,1655713565
berdigestyakh,62.0989,126.6992,73.09,46,94,12.5,RU,1655713566
nara,34.6851,135.8049,85.91,41,100,5.64,JP,1655713464
radcliff,37.8404,-85.9491,63.43,78,0,0.0,US,1655713567
ambulu,-8.345,113.6058,83.32,72,30,9.6,ID,1655713524
celendin,-6.8703,-78.1517,48.67,91,82,1.25,PE,1655713567
sorong,-0.8833,131.25,81.54,76,100,3.27,ID,1655713568
bonthe,7.5264,-12.505,78.58,73,5,1.54,SL,1655713568
kemijarvi,66.7131,27.4306,54.97,53,85,4.76,FI,1655713569
huejuquilla el alto,22.6,-103.8667,64.65,74,100,4.47,MX,1655713569
lagoa,39.05,-27.9833,62.22,77,23,19.08,PT,1655713570
lensk,60.7253,114.9278,54.86,91,100,7.25,RU,1655713570
gibara,21.1097,-76.1317,76.32,91,100,8.86,CU,1655713571
bhandara,21.1667,79.65,88.95,56,100,9.06,IN,1655713472
yelizovo,53.1873,158.3805,64.54,63,20,8.95,RU,1655713517
moyale,3.5167,39.0584,72.43,54,41,15.82,KE,1655713572
mpongwe,-13.5091,28.155,72.23,37,0,8.34,ZM,1655713573
kerikeri,-35.2268,173.9474,51.35,88,100,13.78,NZ,1655713573
tarko-sale,64.9225,77.785,80.37,34,46,10.31,RU,1655713574
tombouctou,20.0,-3.0,92.07,29,20,11.7,ML,1655713574
turangi,-39.0,175.9333,38.03,81,96,8.7,NZ,1655713561
manokwari,-0.8667,134.0833,81.97,70,99,2.68,ID,1655713575
tigil,57.8,158.6667,48.36,88,100,5.1,RU,1655713576
olinda,-8.0089,-34.8553,73.13,94,100,5.75,BR,1655713576
inverell,-29.7833,151.1167,56.16,65,3,1.01,AU,1655713577
talnakh,69.4865,88.3972,79.21,27,99,12.26,RU,1655713577
shimoda,34.6667,138.95,77.11,92,100,10.71,JP,1655713443
aswan,24.0934,32.907,97.11,15,8,18.99,EG,1655713414
christchurch,-43.5333,172.6333,43.92,88,75,5.75,NZ,1655713531
mulchen,-37.7167,-72.2333,46.9,94,100,3.91,CL,1655713580
fare,-16.7,-151.0167,79.63,75,3,20.58,PF,1655713581
asyut,27.181,31.1837,90.41,16,0,19.86,EG,1655713581
san policarpo,12.1791,125.5072,85.53,67,25,5.88,PH,1655713581
roblin,51.23,-101.3565,61.68,96,100,9.89,CA,1655713582
kangaatsiaq,68.3065,-53.4641,34.93,86,100,8.12,GL,1655713582
shepetivka,50.1855,27.0637,77.13,50,0,11.48,UA,1655713584
wroclaw,51.1,17.0333,75.2,70,40,8.05,PL,1655713584
mackenzie,55.2999,-123.1698,48.42,100,0,2.3,CA,1655713585
raga,8.4596,25.678,77.92,59,100,3.78,SS,1655713585
tianpeng,30.9866,103.9393,86.63,48,26,4.88,CN,1655713585
siyabuswa,-25.1132,29.0445,64.4,47,0,11.21,ZA,1655713586
cuiluan,47.72,128.648,68.29,65,100,7.45,CN,1655713586
hobyo,5.3505,48.5268,86.22,55,96,26.73,SO,1655713587
kurchum,48.5722,83.6542,81.54,32,1,6.38,KZ,1655713587
cayenne,4.9333,-52.3333,76.08,1,75,3.44,GF,1655713588
dumas,35.8656,-101.9732,72.54,53,0,0.0,US,1655713589
novyy urgal,51.0736,132.5642,72.88,48,62,5.66,RU,1655713589
seguela,7.9611,-6.6731,71.89,89,96,3.62,CI,1655713590
whitehorse,60.7161,-135.0538,50.81,54,40,9.22,CA,1655713590
puqi,29.7167,113.8833,85.21,79,50,3.4,CN,1655713590
lyuban,52.7985,28.0048,75.2,65,1,10.47,BY,1655713591
ola,59.5833,151.2833,53.15,89,96,5.88,RU,1655713591
aurora,39.7294,-104.8319,71.01,38,20,19.57,US,1655713592
pula,44.8683,13.8481,79.36,53,0,6.91,HR,1655713592
margate,51.3813,1.3862,61.7,69,2,8.01,GB,1655713593
bairiki,1.3292,172.9752,82.4,78,40,9.22,KI,1655713593
trelew,-43.249,-65.3051,36.1,67,0,9.82,AR,1655713593
ndola,-12.9587,28.6366,69.93,39,4,8.14,ZM,1655713594
murray,40.6669,-111.888,56.91,54,0,11.01,US,1655713594
novaya ladoga,60.1025,32.3019,54.0,78,88,9.22,RU,1655713595
kuruman,-27.4524,23.4325,61.0,44,4,26.42,ZA,1655713595
trairi,-3.2778,-39.2689,72.57,94,56,7.96,BR,1655713596
iranshahr,27.2025,60.6848,109.08,8,0,9.93,IR,1655713596
beringovskiy,63.05,179.3167,45.01,90,99,10.47,RU,1655713596
petaluma,38.2324,-122.6367,61.41,78,0,4.61,US,1655713597
vostok,46.4856,135.8833,64.99,65,96,3.31,RU,1655713597
saint-francois,46.4154,3.9054,76.44,61,0,10.36,FR,1655713598
tura,25.5198,90.2201,80.78,80,91,8.14,IN,1655713598
suratgarh,29.3167,73.9,96.01,36,17,3.09,IN,1655713599
barkhan,29.8977,69.5256,91.65,26,0,12.39,PK,1655713600
marfino,55.7028,37.3822,63.95,70,75,8.95,RU,1655713600
nehalim,32.0619,34.9139,84.4,59,20,6.91,IL,1655713601
menongue,-14.6585,17.691,69.17,33,17,3.87,AO,1655713601
saint-joseph,-21.3667,55.6167,69.1,74,98,14.83,RE,1655713602
selenginsk,52.0064,106.8647,82.81,27,5,4.68,RU,1655713602
strezhevoy,60.7333,77.5889,81.45,33,28,3.4,RU,1655713603
